DROP TABLE IF EXISTS body_parts;
CREATE TABLE body_parts(
	part_id INT,
    part_desc VARCHAR(12)
);
CREATE INDEX body_parts_x1 ON body_parts(part_id);

INSERT INTO body_parts(part_id, part_desc) VALUES (10, '頭');
INSERT INTO body_parts(part_id, part_desc) VALUES (20, '頸');
INSERT INTO body_parts(part_id, part_desc) VALUES (30, '背');
INSERT INTO body_parts(part_id, part_desc) VALUES (40, '胸');
INSERT INTO body_parts(part_id, part_desc) VALUES (50, '腹');
INSERT INTO body_parts(part_id, part_desc) VALUES (60, '上肢');
INSERT INTO body_parts(part_id, part_desc) VALUES (70, '下肢');
INSERT INTO body_parts(part_id, part_desc) VALUES (80, '會陰');



DROP TABLE IF EXISTS acupuncture_meridian_vessel;
CREATE TABLE acupuncture_meridian_vessel(
	mv_id INT,
    mv_desc VARCHAR(30)
);
CREATE INDEX acupuncture_meridian_vessel_x1 ON acupuncture_meridian_vessel(mv_id);

INSERT INTO acupuncture_meridian_vessel(mv_id, mv_desc) VALUES (10, '手太陰肺經');
INSERT INTO acupuncture_meridian_vessel(mv_id, mv_desc) VALUES (20, '手陽明大腸經');
INSERT INTO acupuncture_meridian_vessel(mv_id, mv_desc) VALUES (30, '足陽明胃經');
INSERT INTO acupuncture_meridian_vessel(mv_id, mv_desc) VALUES (40, '足太陰脾經');
INSERT INTO acupuncture_meridian_vessel(mv_id, mv_desc) VALUES (50, '手少陰心經');
INSERT INTO acupuncture_meridian_vessel(mv_id, mv_desc) VALUES (60, '手太陽小腸經');
INSERT INTO acupuncture_meridian_vessel(mv_id, mv_desc) VALUES (70, '足太陽膀胱經');
INSERT INTO acupuncture_meridian_vessel(mv_id, mv_desc) VALUES (80, '足少陰腎經');
INSERT INTO acupuncture_meridian_vessel(mv_id, mv_desc) VALUES (90, '手厥陰心包經');
INSERT INTO acupuncture_meridian_vessel(mv_id, mv_desc) VALUES (100, '手少陽三焦經');
INSERT INTO acupuncture_meridian_vessel(mv_id, mv_desc) VALUES (110, '足少陽膽經');
INSERT INTO acupuncture_meridian_vessel(mv_id, mv_desc) VALUES (120, '足厥陰肝經');
INSERT INTO acupuncture_meridian_vessel(mv_id, mv_desc) VALUES (130, '督脈');
INSERT INTO acupuncture_meridian_vessel(mv_id, mv_desc) VALUES (140, '任脈');



DROP TABLE IF EXISTS acupuncture_point;
CREATE TABLE acupuncture_point(
	mv_id INT,
    body_part_id INT,
    pt_cd VARCHAR(5),
    pt_desc VARCHAR(21)
);
CREATE INDEX acupuncture_point_x1 ON acupuncture_point(mv_id, body_part_id);
CREATE INDEX acupuncture_point_x2 ON acupuncture_point(pt_cd);

INSERT INTO acupuncture_point(mv_id, body_part_id, pt_cd, pt_desc) VALUES (10, 60, 'LU1', '中府');
INSERT INTO acupuncture_point(mv_id, body_part_id, pt_cd, pt_desc) VALUES (10, 60, 'LU2', '雲門');
INSERT INTO acupuncture_point(mv_id, body_part_id, pt_cd, pt_desc) VALUES (10, 60, 'LU3', '天府');
INSERT INTO acupuncture_point(mv_id, body_part_id, pt_cd, pt_desc) VALUES (10, 60, 'LU4', '俠白');
INSERT INTO acupuncture_point(mv_id, body_part_id, pt_cd, pt_desc) VALUES (10, 60, 'LU5', '尺澤');
INSERT INTO acupuncture_point(mv_id, body_part_id, pt_cd, pt_desc) VALUES (10, 60, 'LU6', '孔最');
INSERT INTO acupuncture_point(mv_id, body_part_id, pt_cd, pt_desc) VALUES (10, 60, 'LU7', '列缺');
INSERT INTO acupuncture_point(mv_id, body_part_id, pt_cd, pt_desc) VALUES (10, 60, 'LU8', '經渠');
INSERT INTO acupuncture_point(mv_id, body_part_id, pt_cd, pt_desc) VALUES (10, 60, 'LU9', '太淵');
INSERT INTO acupuncture_point(mv_id, body_part_id, pt_cd, pt_desc) VALUES (10, 60, 'LU10', '魚際');
INSERT INTO acupuncture_point(mv_id, body_part_id, pt_cd, pt_desc) VALUES (10, 60, 'LU11', '少商');
INSERT INTO acupuncture_point(mv_id, body_part_id, pt_cd, pt_desc) VALUES (20, 60, 'LI1', '商陽');
INSERT INTO acupuncture_point(mv_id, body_part_id, pt_cd, pt_desc) VALUES (20, 60, 'LI2', '二間');
INSERT INTO acupuncture_point(mv_id, body_part_id, pt_cd, pt_desc) VALUES (20, 60, 'LI3', '三間');
INSERT INTO acupuncture_point(mv_id, body_part_id, pt_cd, pt_desc) VALUES (20, 60, 'LI4', '合谷');
INSERT INTO acupuncture_point(mv_id, body_part_id, pt_cd, pt_desc) VALUES (20, 60, 'LI5', '陽谿');
INSERT INTO acupuncture_point(mv_id, body_part_id, pt_cd, pt_desc) VALUES (20, 60, 'LI6', '偏歷');
INSERT INTO acupuncture_point(mv_id, body_part_id, pt_cd, pt_desc) VALUES (20, 60, 'LI7', '溫溜');
INSERT INTO acupuncture_point(mv_id, body_part_id, pt_cd, pt_desc) VALUES (20, 60, 'LI8', '下廉');
INSERT INTO acupuncture_point(mv_id, body_part_id, pt_cd, pt_desc) VALUES (20, 60, 'LI9', '上廉');
INSERT INTO acupuncture_point(mv_id, body_part_id, pt_cd, pt_desc) VALUES (20, 60, 'LI10', '手三里');
INSERT INTO acupuncture_point(mv_id, body_part_id, pt_cd, pt_desc) VALUES (20, 60, 'LI11', '曲池');
INSERT INTO acupuncture_point(mv_id, body_part_id, pt_cd, pt_desc) VALUES (20, 60, 'LI12', '肘髎');
INSERT INTO acupuncture_point(mv_id, body_part_id, pt_cd, pt_desc) VALUES (20, 60, 'LI13', '手五里');
INSERT INTO acupuncture_point(mv_id, body_part_id, pt_cd, pt_desc) VALUES (20, 60, 'LI14', '臂臑');
INSERT INTO acupuncture_point(mv_id, body_part_id, pt_cd, pt_desc) VALUES (20, 60, 'LI15', '肩髃');
INSERT INTO acupuncture_point(mv_id, body_part_id, pt_cd, pt_desc) VALUES (20, 60, 'LI16', '巨骨');
INSERT INTO acupuncture_point(mv_id, body_part_id, pt_cd, pt_desc) VALUES (20, 20, 'LI17', '天鼎');
INSERT INTO acupuncture_point(mv_id, body_part_id, pt_cd, pt_desc) VALUES (20, 20, 'LI18', '扶突');
INSERT INTO acupuncture_point(mv_id, body_part_id, pt_cd, pt_desc) VALUES (20, 10, 'LI19', '口禾髎');
INSERT INTO acupuncture_point(mv_id, body_part_id, pt_cd, pt_desc) VALUES (20, 10, 'LI20', '迎香');
INSERT INTO acupuncture_point(mv_id, body_part_id, pt_cd, pt_desc) VALUES (30, 10, 'ST1', '承泣');
INSERT INTO acupuncture_point(mv_id, body_part_id, pt_cd, pt_desc) VALUES (30, 10, 'ST2', '四白');
INSERT INTO acupuncture_point(mv_id, body_part_id, pt_cd, pt_desc) VALUES (30, 10, 'ST3', '巨髎');
INSERT INTO acupuncture_point(mv_id, body_part_id, pt_cd, pt_desc) VALUES (30, 10, 'ST4', '地倉');
INSERT INTO acupuncture_point(mv_id, body_part_id, pt_cd, pt_desc) VALUES (30, 10, 'ST5', '大迎');
INSERT INTO acupuncture_point(mv_id, body_part_id, pt_cd, pt_desc) VALUES (30, 10, 'ST6', '頰車');
INSERT INTO acupuncture_point(mv_id, body_part_id, pt_cd, pt_desc) VALUES (30, 10, 'ST7', '下關');
INSERT INTO acupuncture_point(mv_id, body_part_id, pt_cd, pt_desc) VALUES (30, 10, 'ST8', '頭維');
INSERT INTO acupuncture_point(mv_id, body_part_id, pt_cd, pt_desc) VALUES (30, 20, 'ST9', '人迎');
INSERT INTO acupuncture_point(mv_id, body_part_id, pt_cd, pt_desc) VALUES (30, 20, 'ST10', '水突');
INSERT INTO acupuncture_point(mv_id, body_part_id, pt_cd, pt_desc) VALUES (30, 20, 'ST11', '氣舍');
INSERT INTO acupuncture_point(mv_id, body_part_id, pt_cd, pt_desc) VALUES (30, 20, 'ST12', '缺盆');
INSERT INTO acupuncture_point(mv_id, body_part_id, pt_cd, pt_desc) VALUES (30, 40, 'ST13', '氣戶');
INSERT INTO acupuncture_point(mv_id, body_part_id, pt_cd, pt_desc) VALUES (30, 40, 'ST14', '庫房');
INSERT INTO acupuncture_point(mv_id, body_part_id, pt_cd, pt_desc) VALUES (30, 40, 'ST15', '屋翳');
INSERT INTO acupuncture_point(mv_id, body_part_id, pt_cd, pt_desc) VALUES (30, 40, 'ST16', '膺窗');
INSERT INTO acupuncture_point(mv_id, body_part_id, pt_cd, pt_desc) VALUES (30, 40, 'ST17', '乳中');
INSERT INTO acupuncture_point(mv_id, body_part_id, pt_cd, pt_desc) VALUES (30, 40, 'ST18', '乳根');
INSERT INTO acupuncture_point(mv_id, body_part_id, pt_cd, pt_desc) VALUES (30, 50, 'ST19', '不容');
INSERT INTO acupuncture_point(mv_id, body_part_id, pt_cd, pt_desc) VALUES (30, 50, 'ST20', '承滿');
INSERT INTO acupuncture_point(mv_id, body_part_id, pt_cd, pt_desc) VALUES (30, 50, 'ST21', '梁門');
INSERT INTO acupuncture_point(mv_id, body_part_id, pt_cd, pt_desc) VALUES (30, 50, 'ST22', '關門');
INSERT INTO acupuncture_point(mv_id, body_part_id, pt_cd, pt_desc) VALUES (30, 50, 'ST23', '太乙');
INSERT INTO acupuncture_point(mv_id, body_part_id, pt_cd, pt_desc) VALUES (30, 50, 'ST24', '滑肉門');
INSERT INTO acupuncture_point(mv_id, body_part_id, pt_cd, pt_desc) VALUES (30, 50, 'ST25', '天樞');
INSERT INTO acupuncture_point(mv_id, body_part_id, pt_cd, pt_desc) VALUES (30, 50, 'ST26', '外陵');
INSERT INTO acupuncture_point(mv_id, body_part_id, pt_cd, pt_desc) VALUES (30, 50, 'ST27', '大巨');
INSERT INTO acupuncture_point(mv_id, body_part_id, pt_cd, pt_desc) VALUES (30, 50, 'ST28', '水道');
INSERT INTO acupuncture_point(mv_id, body_part_id, pt_cd, pt_desc) VALUES (30, 50, 'ST29', '歸來');
INSERT INTO acupuncture_point(mv_id, body_part_id, pt_cd, pt_desc) VALUES (30, 50, 'ST30', '氣衝');
INSERT INTO acupuncture_point(mv_id, body_part_id, pt_cd, pt_desc) VALUES (30, 70, 'ST31', '髀關');
INSERT INTO acupuncture_point(mv_id, body_part_id, pt_cd, pt_desc) VALUES (30, 70, 'ST32', '伏兔');
INSERT INTO acupuncture_point(mv_id, body_part_id, pt_cd, pt_desc) VALUES (30, 70, 'ST33', '陰市');
INSERT INTO acupuncture_point(mv_id, body_part_id, pt_cd, pt_desc) VALUES (30, 70, 'ST34', '梁丘');
INSERT INTO acupuncture_point(mv_id, body_part_id, pt_cd, pt_desc) VALUES (30, 70, 'ST35', '犢鼻');
INSERT INTO acupuncture_point(mv_id, body_part_id, pt_cd, pt_desc) VALUES (30, 70, 'ST36', '足三里');
INSERT INTO acupuncture_point(mv_id, body_part_id, pt_cd, pt_desc) VALUES (30, 70, 'ST37', '上巨虛');
INSERT INTO acupuncture_point(mv_id, body_part_id, pt_cd, pt_desc) VALUES (30, 70, 'ST38', '條口');
INSERT INTO acupuncture_point(mv_id, body_part_id, pt_cd, pt_desc) VALUES (30, 70, 'ST39', '下巨虛');
INSERT INTO acupuncture_point(mv_id, body_part_id, pt_cd, pt_desc) VALUES (30, 70, 'ST40', '豐隆');
INSERT INTO acupuncture_point(mv_id, body_part_id, pt_cd, pt_desc) VALUES (30, 70, 'ST41', '解谿');
INSERT INTO acupuncture_point(mv_id, body_part_id, pt_cd, pt_desc) VALUES (30, 70, 'ST42', '衝陽');
INSERT INTO acupuncture_point(mv_id, body_part_id, pt_cd, pt_desc) VALUES (30, 70, 'ST43', '陷谷');
INSERT INTO acupuncture_point(mv_id, body_part_id, pt_cd, pt_desc) VALUES (30, 70, 'ST44', '内庭');
INSERT INTO acupuncture_point(mv_id, body_part_id, pt_cd, pt_desc) VALUES (30, 70, 'ST45', '厲兌');
INSERT INTO acupuncture_point(mv_id, body_part_id, pt_cd, pt_desc) VALUES (40, 70, 'SP1', '隱白');
INSERT INTO acupuncture_point(mv_id, body_part_id, pt_cd, pt_desc) VALUES (40, 70, 'SP2', '大都');
INSERT INTO acupuncture_point(mv_id, body_part_id, pt_cd, pt_desc) VALUES (40, 70, 'SP3', '太白');
INSERT INTO acupuncture_point(mv_id, body_part_id, pt_cd, pt_desc) VALUES (40, 70, 'SP4', '公孫');
INSERT INTO acupuncture_point(mv_id, body_part_id, pt_cd, pt_desc) VALUES (40, 70, 'SP5', '商丘');
INSERT INTO acupuncture_point(mv_id, body_part_id, pt_cd, pt_desc) VALUES (40, 70, 'SP6', '三陰交');
INSERT INTO acupuncture_point(mv_id, body_part_id, pt_cd, pt_desc) VALUES (40, 70, 'SP7', '漏谷');
INSERT INTO acupuncture_point(mv_id, body_part_id, pt_cd, pt_desc) VALUES (40, 70, 'SP8', '地機');
INSERT INTO acupuncture_point(mv_id, body_part_id, pt_cd, pt_desc) VALUES (40, 70, 'SP9', '陰陵泉');
INSERT INTO acupuncture_point(mv_id, body_part_id, pt_cd, pt_desc) VALUES (40, 70, 'SP10', '血海');
INSERT INTO acupuncture_point(mv_id, body_part_id, pt_cd, pt_desc) VALUES (40, 70, 'SP11', '箕門');
INSERT INTO acupuncture_point(mv_id, body_part_id, pt_cd, pt_desc) VALUES (40, 70, 'SP12', '衝門');
INSERT INTO acupuncture_point(mv_id, body_part_id, pt_cd, pt_desc) VALUES (40, 50, 'SP13', '府舍');
INSERT INTO acupuncture_point(mv_id, body_part_id, pt_cd, pt_desc) VALUES (40, 50, 'SP14', '腹結');
INSERT INTO acupuncture_point(mv_id, body_part_id, pt_cd, pt_desc) VALUES (40, 50, 'SP15', '大橫');
INSERT INTO acupuncture_point(mv_id, body_part_id, pt_cd, pt_desc) VALUES (40, 50, 'SP16', '腹哀');
INSERT INTO acupuncture_point(mv_id, body_part_id, pt_cd, pt_desc) VALUES (40, 40, 'SP17', '食竇');
INSERT INTO acupuncture_point(mv_id, body_part_id, pt_cd, pt_desc) VALUES (40, 40, 'SP18', '天谿');
INSERT INTO acupuncture_point(mv_id, body_part_id, pt_cd, pt_desc) VALUES (40, 40, 'SP19', '胸鄉');
INSERT INTO acupuncture_point(mv_id, body_part_id, pt_cd, pt_desc) VALUES (40, 40, 'SP20', '周榮');
INSERT INTO acupuncture_point(mv_id, body_part_id, pt_cd, pt_desc) VALUES (40, 40, 'SP21', '大包');
INSERT INTO acupuncture_point(mv_id, body_part_id, pt_cd, pt_desc) VALUES (50, 60, 'HT1', '極泉');
INSERT INTO acupuncture_point(mv_id, body_part_id, pt_cd, pt_desc) VALUES (50, 60, 'HT2', '青靈');
INSERT INTO acupuncture_point(mv_id, body_part_id, pt_cd, pt_desc) VALUES (50, 60, 'HT3', '少海');
INSERT INTO acupuncture_point(mv_id, body_part_id, pt_cd, pt_desc) VALUES (50, 60, 'HT4', '靈道');
INSERT INTO acupuncture_point(mv_id, body_part_id, pt_cd, pt_desc) VALUES (50, 60, 'HT5', '通里');
INSERT INTO acupuncture_point(mv_id, body_part_id, pt_cd, pt_desc) VALUES (50, 60, 'HT6', '陰郄');
INSERT INTO acupuncture_point(mv_id, body_part_id, pt_cd, pt_desc) VALUES (50, 60, 'HT7', '神門');
INSERT INTO acupuncture_point(mv_id, body_part_id, pt_cd, pt_desc) VALUES (50, 60, 'HT8', '少府');
INSERT INTO acupuncture_point(mv_id, body_part_id, pt_cd, pt_desc) VALUES (50, 60, 'HT9', '少衝');
INSERT INTO acupuncture_point(mv_id, body_part_id, pt_cd, pt_desc) VALUES (60, 60, 'SI1', '少澤');
INSERT INTO acupuncture_point(mv_id, body_part_id, pt_cd, pt_desc) VALUES (60, 60, 'SI2', '前谷');
INSERT INTO acupuncture_point(mv_id, body_part_id, pt_cd, pt_desc) VALUES (60, 60, 'SI3', '後谿');
INSERT INTO acupuncture_point(mv_id, body_part_id, pt_cd, pt_desc) VALUES (60, 60, 'SI4', '腕骨');
INSERT INTO acupuncture_point(mv_id, body_part_id, pt_cd, pt_desc) VALUES (60, 60, 'SI5', '陽谷');
INSERT INTO acupuncture_point(mv_id, body_part_id, pt_cd, pt_desc) VALUES (60, 60, 'SI6', '養老');
INSERT INTO acupuncture_point(mv_id, body_part_id, pt_cd, pt_desc) VALUES (60, 60, 'SI7', '支正');
INSERT INTO acupuncture_point(mv_id, body_part_id, pt_cd, pt_desc) VALUES (60, 60, 'SI8', '小海');
INSERT INTO acupuncture_point(mv_id, body_part_id, pt_cd, pt_desc) VALUES (60, 60, 'SI9', '肩貞');
INSERT INTO acupuncture_point(mv_id, body_part_id, pt_cd, pt_desc) VALUES (60, 60, 'SI10', '臑俞');
INSERT INTO acupuncture_point(mv_id, body_part_id, pt_cd, pt_desc) VALUES (60, 30, 'SI11', '天宗');
INSERT INTO acupuncture_point(mv_id, body_part_id, pt_cd, pt_desc) VALUES (60, 30, 'SI12', '秉風');
INSERT INTO acupuncture_point(mv_id, body_part_id, pt_cd, pt_desc) VALUES (60, 30, 'SI13', '曲垣');
INSERT INTO acupuncture_point(mv_id, body_part_id, pt_cd, pt_desc) VALUES (60, 30, 'SI14', '肩外俞');
INSERT INTO acupuncture_point(mv_id, body_part_id, pt_cd, pt_desc) VALUES (60, 30, 'SI15', '肩中俞');
INSERT INTO acupuncture_point(mv_id, body_part_id, pt_cd, pt_desc) VALUES (60, 20, 'SI16', '天窗');
INSERT INTO acupuncture_point(mv_id, body_part_id, pt_cd, pt_desc) VALUES (60, 20, 'SI17', '天容');
INSERT INTO acupuncture_point(mv_id, body_part_id, pt_cd, pt_desc) VALUES (60, 10, 'SI18', '顴髎');
INSERT INTO acupuncture_point(mv_id, body_part_id, pt_cd, pt_desc) VALUES (60, 10, 'SI19', '聽宮');
INSERT INTO acupuncture_point(mv_id, body_part_id, pt_cd, pt_desc) VALUES (70, 10, 'BL1', '睛明');
INSERT INTO acupuncture_point(mv_id, body_part_id, pt_cd, pt_desc) VALUES (70, 10, 'BL2', '攢竹');
INSERT INTO acupuncture_point(mv_id, body_part_id, pt_cd, pt_desc) VALUES (70, 10, 'BL3', '眉衝');
INSERT INTO acupuncture_point(mv_id, body_part_id, pt_cd, pt_desc) VALUES (70, 10, 'BL4', '曲差');
INSERT INTO acupuncture_point(mv_id, body_part_id, pt_cd, pt_desc) VALUES (70, 10, 'BL5', '五處');
INSERT INTO acupuncture_point(mv_id, body_part_id, pt_cd, pt_desc) VALUES (70, 10, 'BL6', '承光');
INSERT INTO acupuncture_point(mv_id, body_part_id, pt_cd, pt_desc) VALUES (70, 10, 'BL7', '通天');
INSERT INTO acupuncture_point(mv_id, body_part_id, pt_cd, pt_desc) VALUES (70, 10, 'BL8', '絡卻');
INSERT INTO acupuncture_point(mv_id, body_part_id, pt_cd, pt_desc) VALUES (70, 10, 'BL9', '玉枕');
INSERT INTO acupuncture_point(mv_id, body_part_id, pt_cd, pt_desc) VALUES (70, 20, 'BL10', '天柱');
INSERT INTO acupuncture_point(mv_id, body_part_id, pt_cd, pt_desc) VALUES (70, 30, 'BL11', '大杼');
INSERT INTO acupuncture_point(mv_id, body_part_id, pt_cd, pt_desc) VALUES (70, 30, 'BL12', '風門');
INSERT INTO acupuncture_point(mv_id, body_part_id, pt_cd, pt_desc) VALUES (70, 30, 'BL13', '肺俞');
INSERT INTO acupuncture_point(mv_id, body_part_id, pt_cd, pt_desc) VALUES (70, 30, 'BL14', '厥陰俞');
INSERT INTO acupuncture_point(mv_id, body_part_id, pt_cd, pt_desc) VALUES (70, 30, 'BL15', '心俞');
INSERT INTO acupuncture_point(mv_id, body_part_id, pt_cd, pt_desc) VALUES (70, 30, 'BL16', '督俞');
INSERT INTO acupuncture_point(mv_id, body_part_id, pt_cd, pt_desc) VALUES (70, 30, 'BL17', '膈俞');
INSERT INTO acupuncture_point(mv_id, body_part_id, pt_cd, pt_desc) VALUES (70, 30, 'BL18', '肝俞');
INSERT INTO acupuncture_point(mv_id, body_part_id, pt_cd, pt_desc) VALUES (70, 30, 'BL19', '膽俞');
INSERT INTO acupuncture_point(mv_id, body_part_id, pt_cd, pt_desc) VALUES (70, 30, 'BL20', '脾俞');
INSERT INTO acupuncture_point(mv_id, body_part_id, pt_cd, pt_desc) VALUES (70, 30, 'BL21', '胃俞');
INSERT INTO acupuncture_point(mv_id, body_part_id, pt_cd, pt_desc) VALUES (70, 30, 'BL22', '三焦俞');
INSERT INTO acupuncture_point(mv_id, body_part_id, pt_cd, pt_desc) VALUES (70, 30, 'BL23', '腎俞');
INSERT INTO acupuncture_point(mv_id, body_part_id, pt_cd, pt_desc) VALUES (70, 30, 'BL24', '氣海俞');
INSERT INTO acupuncture_point(mv_id, body_part_id, pt_cd, pt_desc) VALUES (70, 30, 'BL25', '大腸俞');
INSERT INTO acupuncture_point(mv_id, body_part_id, pt_cd, pt_desc) VALUES (70, 30, 'BL26', '關元俞');
INSERT INTO acupuncture_point(mv_id, body_part_id, pt_cd, pt_desc) VALUES (70, 30, 'BL27', '小腸俞');
INSERT INTO acupuncture_point(mv_id, body_part_id, pt_cd, pt_desc) VALUES (70, 30, 'BL28', '膀胱俞');
INSERT INTO acupuncture_point(mv_id, body_part_id, pt_cd, pt_desc) VALUES (70, 30, 'BL29', '中膂俞');
INSERT INTO acupuncture_point(mv_id, body_part_id, pt_cd, pt_desc) VALUES (70, 30, 'BL30', '白環俞');
INSERT INTO acupuncture_point(mv_id, body_part_id, pt_cd, pt_desc) VALUES (70, 30, 'BL31', '上髎');
INSERT INTO acupuncture_point(mv_id, body_part_id, pt_cd, pt_desc) VALUES (70, 30, 'BL32', '次髎');
INSERT INTO acupuncture_point(mv_id, body_part_id, pt_cd, pt_desc) VALUES (70, 30, 'BL33', '中髎');
INSERT INTO acupuncture_point(mv_id, body_part_id, pt_cd, pt_desc) VALUES (70, 30, 'BL34', '下髎');
INSERT INTO acupuncture_point(mv_id, body_part_id, pt_cd, pt_desc) VALUES (70, 70, 'BL35', '會陽');
INSERT INTO acupuncture_point(mv_id, body_part_id, pt_cd, pt_desc) VALUES (70, 70, 'BL36', '承扶');
INSERT INTO acupuncture_point(mv_id, body_part_id, pt_cd, pt_desc) VALUES (70, 70, 'BL37', '殷門');
INSERT INTO acupuncture_point(mv_id, body_part_id, pt_cd, pt_desc) VALUES (70, 70, 'BL38', '浮郄');
INSERT INTO acupuncture_point(mv_id, body_part_id, pt_cd, pt_desc) VALUES (70, 70, 'BL39', '委陽');
INSERT INTO acupuncture_point(mv_id, body_part_id, pt_cd, pt_desc) VALUES (70, 70, 'BL40', '委中');
INSERT INTO acupuncture_point(mv_id, body_part_id, pt_cd, pt_desc) VALUES (70, 30, 'BL41', '附分');
INSERT INTO acupuncture_point(mv_id, body_part_id, pt_cd, pt_desc) VALUES (70, 30, 'BL42', '魄戶');
INSERT INTO acupuncture_point(mv_id, body_part_id, pt_cd, pt_desc) VALUES (70, 30, 'BL43', '膏肓');
INSERT INTO acupuncture_point(mv_id, body_part_id, pt_cd, pt_desc) VALUES (70, 30, 'BL44', '神堂');
INSERT INTO acupuncture_point(mv_id, body_part_id, pt_cd, pt_desc) VALUES (70, 30, 'BL45', '譩譆');
INSERT INTO acupuncture_point(mv_id, body_part_id, pt_cd, pt_desc) VALUES (70, 30, 'BL46', '膈關');
INSERT INTO acupuncture_point(mv_id, body_part_id, pt_cd, pt_desc) VALUES (70, 30, 'BL47', '魂門');
INSERT INTO acupuncture_point(mv_id, body_part_id, pt_cd, pt_desc) VALUES (70, 30, 'BL48', '陽綱');
INSERT INTO acupuncture_point(mv_id, body_part_id, pt_cd, pt_desc) VALUES (70, 30, 'BL49', '意舍');
INSERT INTO acupuncture_point(mv_id, body_part_id, pt_cd, pt_desc) VALUES (70, 30, 'BL50', '胃倉');
INSERT INTO acupuncture_point(mv_id, body_part_id, pt_cd, pt_desc) VALUES (70, 30, 'BL51', '肓門');
INSERT INTO acupuncture_point(mv_id, body_part_id, pt_cd, pt_desc) VALUES (70, 30, 'BL52', '志室');
INSERT INTO acupuncture_point(mv_id, body_part_id, pt_cd, pt_desc) VALUES (70, 70, 'BL53', '胞肓');
INSERT INTO acupuncture_point(mv_id, body_part_id, pt_cd, pt_desc) VALUES (70, 70, 'BL54', '秩邊');
INSERT INTO acupuncture_point(mv_id, body_part_id, pt_cd, pt_desc) VALUES (70, 70, 'BL55', '合陽');
INSERT INTO acupuncture_point(mv_id, body_part_id, pt_cd, pt_desc) VALUES (70, 70, 'BL56', '承筋');
INSERT INTO acupuncture_point(mv_id, body_part_id, pt_cd, pt_desc) VALUES (70, 70, 'BL57', '承山');
INSERT INTO acupuncture_point(mv_id, body_part_id, pt_cd, pt_desc) VALUES (70, 70, 'BL58', '飛揚');
INSERT INTO acupuncture_point(mv_id, body_part_id, pt_cd, pt_desc) VALUES (70, 70, 'BL59', '跗陽');
INSERT INTO acupuncture_point(mv_id, body_part_id, pt_cd, pt_desc) VALUES (70, 70, 'BL60', '崑崙');
INSERT INTO acupuncture_point(mv_id, body_part_id, pt_cd, pt_desc) VALUES (70, 70, 'BL61', '僕參');
INSERT INTO acupuncture_point(mv_id, body_part_id, pt_cd, pt_desc) VALUES (70, 70, 'BL62', '申脈');
INSERT INTO acupuncture_point(mv_id, body_part_id, pt_cd, pt_desc) VALUES (70, 70, 'BL63', '金門');
INSERT INTO acupuncture_point(mv_id, body_part_id, pt_cd, pt_desc) VALUES (70, 70, 'BL64', '京骨');
INSERT INTO acupuncture_point(mv_id, body_part_id, pt_cd, pt_desc) VALUES (70, 70, 'BL65', '束骨');
INSERT INTO acupuncture_point(mv_id, body_part_id, pt_cd, pt_desc) VALUES (70, 70, 'BL66', '足通谷');
INSERT INTO acupuncture_point(mv_id, body_part_id, pt_cd, pt_desc) VALUES (70, 70, 'BL67', '至陰');
INSERT INTO acupuncture_point(mv_id, body_part_id, pt_cd, pt_desc) VALUES (80, 70, 'KI1', '湧泉');
INSERT INTO acupuncture_point(mv_id, body_part_id, pt_cd, pt_desc) VALUES (80, 70, 'KI2', '然谷');
INSERT INTO acupuncture_point(mv_id, body_part_id, pt_cd, pt_desc) VALUES (80, 70, 'KI3', '太谿');
INSERT INTO acupuncture_point(mv_id, body_part_id, pt_cd, pt_desc) VALUES (80, 70, 'KI4', '大鍾');
INSERT INTO acupuncture_point(mv_id, body_part_id, pt_cd, pt_desc) VALUES (80, 70, 'KI5', '水泉');
INSERT INTO acupuncture_point(mv_id, body_part_id, pt_cd, pt_desc) VALUES (80, 70, 'KI6', '照海');
INSERT INTO acupuncture_point(mv_id, body_part_id, pt_cd, pt_desc) VALUES (80, 70, 'KI7', '復溜');
INSERT INTO acupuncture_point(mv_id, body_part_id, pt_cd, pt_desc) VALUES (80, 70, 'KI8', '交信');
INSERT INTO acupuncture_point(mv_id, body_part_id, pt_cd, pt_desc) VALUES (80, 70, 'KI9', '築賓');
INSERT INTO acupuncture_point(mv_id, body_part_id, pt_cd, pt_desc) VALUES (80, 70, 'KI10', '陰谷');
INSERT INTO acupuncture_point(mv_id, body_part_id, pt_cd, pt_desc) VALUES (80, 50, 'KI11', '橫骨');
INSERT INTO acupuncture_point(mv_id, body_part_id, pt_cd, pt_desc) VALUES (80, 50, 'KI12', '大赫');
INSERT INTO acupuncture_point(mv_id, body_part_id, pt_cd, pt_desc) VALUES (80, 50, 'KI13', '氣穴');
INSERT INTO acupuncture_point(mv_id, body_part_id, pt_cd, pt_desc) VALUES (80, 50, 'KI14', '四滿');
INSERT INTO acupuncture_point(mv_id, body_part_id, pt_cd, pt_desc) VALUES (80, 50, 'KI15', '中注');
INSERT INTO acupuncture_point(mv_id, body_part_id, pt_cd, pt_desc) VALUES (80, 50, 'KI16', '肓俞');
INSERT INTO acupuncture_point(mv_id, body_part_id, pt_cd, pt_desc) VALUES (80, 50, 'KI17', '商曲');
INSERT INTO acupuncture_point(mv_id, body_part_id, pt_cd, pt_desc) VALUES (80, 50, 'KI18', '石關');
INSERT INTO acupuncture_point(mv_id, body_part_id, pt_cd, pt_desc) VALUES (80, 50, 'KI19', '陰都');
INSERT INTO acupuncture_point(mv_id, body_part_id, pt_cd, pt_desc) VALUES (80, 50, 'KI20', '腹通谷');
INSERT INTO acupuncture_point(mv_id, body_part_id, pt_cd, pt_desc) VALUES (80, 50, 'KI21', '幽門');
INSERT INTO acupuncture_point(mv_id, body_part_id, pt_cd, pt_desc) VALUES (80, 40, 'KI22', '步廊');
INSERT INTO acupuncture_point(mv_id, body_part_id, pt_cd, pt_desc) VALUES (80, 40, 'KI23', '神封');
INSERT INTO acupuncture_point(mv_id, body_part_id, pt_cd, pt_desc) VALUES (80, 40, 'KI24', '靈墟');
INSERT INTO acupuncture_point(mv_id, body_part_id, pt_cd, pt_desc) VALUES (80, 40, 'KI25', '神藏');
INSERT INTO acupuncture_point(mv_id, body_part_id, pt_cd, pt_desc) VALUES (80, 40, 'KI26', '彧中');
INSERT INTO acupuncture_point(mv_id, body_part_id, pt_cd, pt_desc) VALUES (80, 40, 'KI27', '俞府');
INSERT INTO acupuncture_point(mv_id, body_part_id, pt_cd, pt_desc) VALUES (90, 40, 'PC1', '天池');
INSERT INTO acupuncture_point(mv_id, body_part_id, pt_cd, pt_desc) VALUES (90, 60, 'PC2', '天泉');
INSERT INTO acupuncture_point(mv_id, body_part_id, pt_cd, pt_desc) VALUES (90, 60, 'PC3', '曲澤');
INSERT INTO acupuncture_point(mv_id, body_part_id, pt_cd, pt_desc) VALUES (90, 60, 'PC4', '郄門');
INSERT INTO acupuncture_point(mv_id, body_part_id, pt_cd, pt_desc) VALUES (90, 60, 'PC5', '間使');
INSERT INTO acupuncture_point(mv_id, body_part_id, pt_cd, pt_desc) VALUES (90, 60, 'PC6', '內關');
INSERT INTO acupuncture_point(mv_id, body_part_id, pt_cd, pt_desc) VALUES (90, 60, 'PC7', '大陵');
INSERT INTO acupuncture_point(mv_id, body_part_id, pt_cd, pt_desc) VALUES (90, 60, 'PC8', '勞宮');
INSERT INTO acupuncture_point(mv_id, body_part_id, pt_cd, pt_desc) VALUES (90, 60, 'PC9', '中衝');
INSERT INTO acupuncture_point(mv_id, body_part_id, pt_cd, pt_desc) VALUES (100, 60, 'TE1', '關衝');
INSERT INTO acupuncture_point(mv_id, body_part_id, pt_cd, pt_desc) VALUES (100, 60, 'TE2', '液門');
INSERT INTO acupuncture_point(mv_id, body_part_id, pt_cd, pt_desc) VALUES (100, 60, 'TE3', '中渚');
INSERT INTO acupuncture_point(mv_id, body_part_id, pt_cd, pt_desc) VALUES (100, 60, 'TE4', '陽池');
INSERT INTO acupuncture_point(mv_id, body_part_id, pt_cd, pt_desc) VALUES (100, 60, 'TE5', '外關');
INSERT INTO acupuncture_point(mv_id, body_part_id, pt_cd, pt_desc) VALUES (100, 60, 'TE6', '支溝');
INSERT INTO acupuncture_point(mv_id, body_part_id, pt_cd, pt_desc) VALUES (100, 60, 'TE7', '會宗');
INSERT INTO acupuncture_point(mv_id, body_part_id, pt_cd, pt_desc) VALUES (100, 60, 'TE8', '三陽絡');
INSERT INTO acupuncture_point(mv_id, body_part_id, pt_cd, pt_desc) VALUES (100, 60, 'TE9', '四瀆');
INSERT INTO acupuncture_point(mv_id, body_part_id, pt_cd, pt_desc) VALUES (100, 60, 'TE10', '天井');
INSERT INTO acupuncture_point(mv_id, body_part_id, pt_cd, pt_desc) VALUES (100, 60, 'TE11', '清冷淵');
INSERT INTO acupuncture_point(mv_id, body_part_id, pt_cd, pt_desc) VALUES (100, 60, 'TE12', '消濼');
INSERT INTO acupuncture_point(mv_id, body_part_id, pt_cd, pt_desc) VALUES (100, 60, 'TE13', '臑會');
INSERT INTO acupuncture_point(mv_id, body_part_id, pt_cd, pt_desc) VALUES (100, 60, 'TE14', '肩髎');
INSERT INTO acupuncture_point(mv_id, body_part_id, pt_cd, pt_desc) VALUES (100, 30, 'TE15', '天髎');
INSERT INTO acupuncture_point(mv_id, body_part_id, pt_cd, pt_desc) VALUES (100, 20, 'TE16', '天牖');
INSERT INTO acupuncture_point(mv_id, body_part_id, pt_cd, pt_desc) VALUES (100, 20, 'TE17', '翳風');
INSERT INTO acupuncture_point(mv_id, body_part_id, pt_cd, pt_desc) VALUES (100, 10, 'TE18', '瘈脈');
INSERT INTO acupuncture_point(mv_id, body_part_id, pt_cd, pt_desc) VALUES (100, 10, 'TE19', '顱息');
INSERT INTO acupuncture_point(mv_id, body_part_id, pt_cd, pt_desc) VALUES (100, 10, 'TE20', '角孫');
INSERT INTO acupuncture_point(mv_id, body_part_id, pt_cd, pt_desc) VALUES (100, 10, 'TE21', '耳門');
INSERT INTO acupuncture_point(mv_id, body_part_id, pt_cd, pt_desc) VALUES (100, 10, 'TE22', '耳和髎');
INSERT INTO acupuncture_point(mv_id, body_part_id, pt_cd, pt_desc) VALUES (100, 10, 'TE23', '絲竹空');
INSERT INTO acupuncture_point(mv_id, body_part_id, pt_cd, pt_desc) VALUES (110, 10, 'GB1', '瞳子髎');
INSERT INTO acupuncture_point(mv_id, body_part_id, pt_cd, pt_desc) VALUES (110, 10, 'GB2', '聽會');
INSERT INTO acupuncture_point(mv_id, body_part_id, pt_cd, pt_desc) VALUES (110, 10, 'GB3', '上關');
INSERT INTO acupuncture_point(mv_id, body_part_id, pt_cd, pt_desc) VALUES (110, 10, 'GB4', '頷厭');
INSERT INTO acupuncture_point(mv_id, body_part_id, pt_cd, pt_desc) VALUES (110, 10, 'GB5', '懸顱');
INSERT INTO acupuncture_point(mv_id, body_part_id, pt_cd, pt_desc) VALUES (110, 10, 'GB6', '懸釐');
INSERT INTO acupuncture_point(mv_id, body_part_id, pt_cd, pt_desc) VALUES (110, 10, 'GB7', '曲鬢');
INSERT INTO acupuncture_point(mv_id, body_part_id, pt_cd, pt_desc) VALUES (110, 10, 'GB8', '率谷');
INSERT INTO acupuncture_point(mv_id, body_part_id, pt_cd, pt_desc) VALUES (110, 10, 'GB9', '天衝');
INSERT INTO acupuncture_point(mv_id, body_part_id, pt_cd, pt_desc) VALUES (110, 10, 'GB10', '浮白');
INSERT INTO acupuncture_point(mv_id, body_part_id, pt_cd, pt_desc) VALUES (110, 10, 'GB11', '頭竅陰');
INSERT INTO acupuncture_point(mv_id, body_part_id, pt_cd, pt_desc) VALUES (110, 20, 'GB12', '完骨');
INSERT INTO acupuncture_point(mv_id, body_part_id, pt_cd, pt_desc) VALUES (110, 10, 'GB13', '本神');
INSERT INTO acupuncture_point(mv_id, body_part_id, pt_cd, pt_desc) VALUES (110, 10, 'GB14', '陽白');
INSERT INTO acupuncture_point(mv_id, body_part_id, pt_cd, pt_desc) VALUES (110, 10, 'GB15', '頭臨泣');
INSERT INTO acupuncture_point(mv_id, body_part_id, pt_cd, pt_desc) VALUES (110, 10, 'GB16', '目窗');
INSERT INTO acupuncture_point(mv_id, body_part_id, pt_cd, pt_desc) VALUES (110, 10, 'GB17', '正營');
INSERT INTO acupuncture_point(mv_id, body_part_id, pt_cd, pt_desc) VALUES (110, 10, 'GB18', '承靈');
INSERT INTO acupuncture_point(mv_id, body_part_id, pt_cd, pt_desc) VALUES (110, 10, 'GB19', '腦空');
INSERT INTO acupuncture_point(mv_id, body_part_id, pt_cd, pt_desc) VALUES (110, 20, 'GB20', '風池');
INSERT INTO acupuncture_point(mv_id, body_part_id, pt_cd, pt_desc) VALUES (110, 20, 'GB21', '肩井');
INSERT INTO acupuncture_point(mv_id, body_part_id, pt_cd, pt_desc) VALUES (110, 40, 'GB22', '淵液');
INSERT INTO acupuncture_point(mv_id, body_part_id, pt_cd, pt_desc) VALUES (110, 40, 'GB23', '輒筋');
INSERT INTO acupuncture_point(mv_id, body_part_id, pt_cd, pt_desc) VALUES (110, 40, 'GB24', '日月');
INSERT INTO acupuncture_point(mv_id, body_part_id, pt_cd, pt_desc) VALUES (110, 50, 'GB25', '京門');
INSERT INTO acupuncture_point(mv_id, body_part_id, pt_cd, pt_desc) VALUES (110, 50, 'GB26', '帶脈');
INSERT INTO acupuncture_point(mv_id, body_part_id, pt_cd, pt_desc) VALUES (110, 50, 'GB27', '五樞');
INSERT INTO acupuncture_point(mv_id, body_part_id, pt_cd, pt_desc) VALUES (110, 50, 'GB28', '維道');
INSERT INTO acupuncture_point(mv_id, body_part_id, pt_cd, pt_desc) VALUES (110, 70, 'GB29', '居髎');
INSERT INTO acupuncture_point(mv_id, body_part_id, pt_cd, pt_desc) VALUES (110, 70, 'GB30', '環跳');
INSERT INTO acupuncture_point(mv_id, body_part_id, pt_cd, pt_desc) VALUES (110, 70, 'GB31', '風市');
INSERT INTO acupuncture_point(mv_id, body_part_id, pt_cd, pt_desc) VALUES (110, 70, 'GB32', '中瀆');
INSERT INTO acupuncture_point(mv_id, body_part_id, pt_cd, pt_desc) VALUES (110, 70, 'GB33', '膝陽關');
INSERT INTO acupuncture_point(mv_id, body_part_id, pt_cd, pt_desc) VALUES (110, 70, 'GB34', '陽陵泉');
INSERT INTO acupuncture_point(mv_id, body_part_id, pt_cd, pt_desc) VALUES (110, 70, 'GB35', '陽交');
INSERT INTO acupuncture_point(mv_id, body_part_id, pt_cd, pt_desc) VALUES (110, 70, 'GB36', '外丘');
INSERT INTO acupuncture_point(mv_id, body_part_id, pt_cd, pt_desc) VALUES (110, 70, 'GB37', '光明');
INSERT INTO acupuncture_point(mv_id, body_part_id, pt_cd, pt_desc) VALUES (110, 70, 'GB38', '陽輔');
INSERT INTO acupuncture_point(mv_id, body_part_id, pt_cd, pt_desc) VALUES (110, 70, 'GB39', '懸鐘');
INSERT INTO acupuncture_point(mv_id, body_part_id, pt_cd, pt_desc) VALUES (110, 70, 'GB40', '丘墟');
INSERT INTO acupuncture_point(mv_id, body_part_id, pt_cd, pt_desc) VALUES (110, 70, 'GB41', '足臨泣');
INSERT INTO acupuncture_point(mv_id, body_part_id, pt_cd, pt_desc) VALUES (110, 70, 'GB42', '地五會');
INSERT INTO acupuncture_point(mv_id, body_part_id, pt_cd, pt_desc) VALUES (110, 70, 'GB43', '俠谿');
INSERT INTO acupuncture_point(mv_id, body_part_id, pt_cd, pt_desc) VALUES (110, 70, 'GB44', '足竅陰');
INSERT INTO acupuncture_point(mv_id, body_part_id, pt_cd, pt_desc) VALUES (120, 70, 'LR1', '大敦');
INSERT INTO acupuncture_point(mv_id, body_part_id, pt_cd, pt_desc) VALUES (120, 70, 'LR2', '行間');
INSERT INTO acupuncture_point(mv_id, body_part_id, pt_cd, pt_desc) VALUES (120, 70, 'LR3', '太衝');
INSERT INTO acupuncture_point(mv_id, body_part_id, pt_cd, pt_desc) VALUES (120, 70, 'LR4', '中封');
INSERT INTO acupuncture_point(mv_id, body_part_id, pt_cd, pt_desc) VALUES (120, 70, 'LR5', '蠡溝');
INSERT INTO acupuncture_point(mv_id, body_part_id, pt_cd, pt_desc) VALUES (120, 70, 'LR6', '中都');
INSERT INTO acupuncture_point(mv_id, body_part_id, pt_cd, pt_desc) VALUES (120, 70, 'LR7', '膝關');
INSERT INTO acupuncture_point(mv_id, body_part_id, pt_cd, pt_desc) VALUES (120, 70, 'LR8', '曲泉');
INSERT INTO acupuncture_point(mv_id, body_part_id, pt_cd, pt_desc) VALUES (120, 70, 'LR9', '陰包');
INSERT INTO acupuncture_point(mv_id, body_part_id, pt_cd, pt_desc) VALUES (120, 70, 'LR10', '足五里');
INSERT INTO acupuncture_point(mv_id, body_part_id, pt_cd, pt_desc) VALUES (120, 70, 'LR11', '陰廉');
INSERT INTO acupuncture_point(mv_id, body_part_id, pt_cd, pt_desc) VALUES (120, 50, 'LR12', '急脈');
INSERT INTO acupuncture_point(mv_id, body_part_id, pt_cd, pt_desc) VALUES (120, 50, 'LR13', '章門');
INSERT INTO acupuncture_point(mv_id, body_part_id, pt_cd, pt_desc) VALUES (120, 40, 'LR14', '期門');
INSERT INTO acupuncture_point(mv_id, body_part_id, pt_cd, pt_desc) VALUES (130, 80, 'GV1', '長強');
INSERT INTO acupuncture_point(mv_id, body_part_id, pt_cd, pt_desc) VALUES (130, 30, 'GV2', '腰俞');
INSERT INTO acupuncture_point(mv_id, body_part_id, pt_cd, pt_desc) VALUES (130, 30, 'GV3', '腰陽關');
INSERT INTO acupuncture_point(mv_id, body_part_id, pt_cd, pt_desc) VALUES (130, 30, 'GV4', '命門');
INSERT INTO acupuncture_point(mv_id, body_part_id, pt_cd, pt_desc) VALUES (130, 30, 'GV5', '懸樞');
INSERT INTO acupuncture_point(mv_id, body_part_id, pt_cd, pt_desc) VALUES (130, 30, 'GV6', '脊中');
INSERT INTO acupuncture_point(mv_id, body_part_id, pt_cd, pt_desc) VALUES (130, 30, 'GV7', '中樞');
INSERT INTO acupuncture_point(mv_id, body_part_id, pt_cd, pt_desc) VALUES (130, 30, 'GV8', '筋縮');
INSERT INTO acupuncture_point(mv_id, body_part_id, pt_cd, pt_desc) VALUES (130, 30, 'GV9', '至陽');
INSERT INTO acupuncture_point(mv_id, body_part_id, pt_cd, pt_desc) VALUES (130, 30, 'GV10', '靈臺');
INSERT INTO acupuncture_point(mv_id, body_part_id, pt_cd, pt_desc) VALUES (130, 30, 'GV11', '神道');
INSERT INTO acupuncture_point(mv_id, body_part_id, pt_cd, pt_desc) VALUES (130, 30, 'GV12', '身柱');
INSERT INTO acupuncture_point(mv_id, body_part_id, pt_cd, pt_desc) VALUES (130, 30, 'GV13', '陶道');
INSERT INTO acupuncture_point(mv_id, body_part_id, pt_cd, pt_desc) VALUES (130, 20, 'GV14', '大椎');
INSERT INTO acupuncture_point(mv_id, body_part_id, pt_cd, pt_desc) VALUES (130, 20, 'GV15', '瘂門');
INSERT INTO acupuncture_point(mv_id, body_part_id, pt_cd, pt_desc) VALUES (130, 20, 'GV16', '風府');
INSERT INTO acupuncture_point(mv_id, body_part_id, pt_cd, pt_desc) VALUES (130, 10, 'GV17', '腦戶');
INSERT INTO acupuncture_point(mv_id, body_part_id, pt_cd, pt_desc) VALUES (130, 10, 'GV18', '強間');
INSERT INTO acupuncture_point(mv_id, body_part_id, pt_cd, pt_desc) VALUES (130, 10, 'GV19', '後頂');
INSERT INTO acupuncture_point(mv_id, body_part_id, pt_cd, pt_desc) VALUES (130, 10, 'GV20', '百會');
INSERT INTO acupuncture_point(mv_id, body_part_id, pt_cd, pt_desc) VALUES (130, 10, 'GV21', '前頂');
INSERT INTO acupuncture_point(mv_id, body_part_id, pt_cd, pt_desc) VALUES (130, 10, 'GV22', '顖會');
INSERT INTO acupuncture_point(mv_id, body_part_id, pt_cd, pt_desc) VALUES (130, 10, 'GV23', '上星');
INSERT INTO acupuncture_point(mv_id, body_part_id, pt_cd, pt_desc) VALUES (130, 10, 'GV24', '神庭');
INSERT INTO acupuncture_point(mv_id, body_part_id, pt_cd, pt_desc) VALUES (130, 10, 'GV25', '素髎');
INSERT INTO acupuncture_point(mv_id, body_part_id, pt_cd, pt_desc) VALUES (130, 10, 'GV26', '水溝');
INSERT INTO acupuncture_point(mv_id, body_part_id, pt_cd, pt_desc) VALUES (130, 10, 'GV27', '兌端');
INSERT INTO acupuncture_point(mv_id, body_part_id, pt_cd, pt_desc) VALUES (130, 10, 'GV28', '齦交');
INSERT INTO acupuncture_point(mv_id, body_part_id, pt_cd, pt_desc) VALUES (140, 80, 'CV1', '會陰');
INSERT INTO acupuncture_point(mv_id, body_part_id, pt_cd, pt_desc) VALUES (140, 50, 'CV2', '曲骨');
INSERT INTO acupuncture_point(mv_id, body_part_id, pt_cd, pt_desc) VALUES (140, 50, 'CV3', '中極');
INSERT INTO acupuncture_point(mv_id, body_part_id, pt_cd, pt_desc) VALUES (140, 50, 'CV4', '關元');
INSERT INTO acupuncture_point(mv_id, body_part_id, pt_cd, pt_desc) VALUES (140, 50, 'CV5', '石門');
INSERT INTO acupuncture_point(mv_id, body_part_id, pt_cd, pt_desc) VALUES (140, 50, 'CV6', '氣海');
INSERT INTO acupuncture_point(mv_id, body_part_id, pt_cd, pt_desc) VALUES (140, 50, 'CV7', '陰交');
INSERT INTO acupuncture_point(mv_id, body_part_id, pt_cd, pt_desc) VALUES (140, 50, 'CV8', '神闕');
INSERT INTO acupuncture_point(mv_id, body_part_id, pt_cd, pt_desc) VALUES (140, 50, 'CV9', '水分');
INSERT INTO acupuncture_point(mv_id, body_part_id, pt_cd, pt_desc) VALUES (140, 50, 'CV10', '下脘');
INSERT INTO acupuncture_point(mv_id, body_part_id, pt_cd, pt_desc) VALUES (140, 50, 'CV11', '建里');
INSERT INTO acupuncture_point(mv_id, body_part_id, pt_cd, pt_desc) VALUES (140, 50, 'CV12', '中脘');
INSERT INTO acupuncture_point(mv_id, body_part_id, pt_cd, pt_desc) VALUES (140, 50, 'CV13', '上脘');
INSERT INTO acupuncture_point(mv_id, body_part_id, pt_cd, pt_desc) VALUES (140, 50, 'CV14', '巨闕');
INSERT INTO acupuncture_point(mv_id, body_part_id, pt_cd, pt_desc) VALUES (140, 50, 'CV15', '鳩尾');
INSERT INTO acupuncture_point(mv_id, body_part_id, pt_cd, pt_desc) VALUES (140, 50, 'CV16', '中庭');
INSERT INTO acupuncture_point(mv_id, body_part_id, pt_cd, pt_desc) VALUES (140, 40, 'CV17', '膻中');
INSERT INTO acupuncture_point(mv_id, body_part_id, pt_cd, pt_desc) VALUES (140, 40, 'CV18', '玉堂');
INSERT INTO acupuncture_point(mv_id, body_part_id, pt_cd, pt_desc) VALUES (140, 40, 'CV19', '紫宮');
INSERT INTO acupuncture_point(mv_id, body_part_id, pt_cd, pt_desc) VALUES (140, 40, 'CV20', '華蓋');
INSERT INTO acupuncture_point(mv_id, body_part_id, pt_cd, pt_desc) VALUES (140, 40, 'CV21', '璇璣');
INSERT INTO acupuncture_point(mv_id, body_part_id, pt_cd, pt_desc) VALUES (140, 20, 'CV22', '天突');
INSERT INTO acupuncture_point(mv_id, body_part_id, pt_cd, pt_desc) VALUES (140, 20, 'CV23', '廉泉');
INSERT INTO acupuncture_point(mv_id, body_part_id, pt_cd, pt_desc) VALUES (140, 10, 'CV24', '承漿');
